{"cameraMode":{"drawMode":0,"name":"Shaded","section":"Shading Mode"},"sceneLighting":false,"audioPlay":false,"sceneViewState":{"m_AlwaysRefresh":false,"showFog":true,"showSkybox":false,"showFlares":true,"showImageEffects":true,"showParticleSystems":true,"showVisualEffectGraphs":true,"m_FxEnabled":true},"in2DMode":false,"pivot":{"x":0.0886281281709671,"y":0.0073873382061719898,"z":0.21504251658916474},"rotation":{"x":0.05780121684074402,"y":-0.4227956235408783,"z":0.027176717296242715,"w":0.9041987061500549},"size":0.022627418860793115,"orthographic":false}