{"cameraMode":{"drawMode":0,"name":"Shaded","section":"Shading Mode"},"sceneLighting":true,"audioPlay":false,"sceneViewState":{"m_AlwaysRefresh":false,"showFog":true,"showSkybox":false,"showFlares":true,"showImageEffects":true,"showParticleSystems":true,"showVisualEffectGraphs":true,"m_FxEnabled":true},"in2DMode":false,"pivot":{"x":-3.885268211364746,"y":5.72536563873291,"z":-1.5359458923339844},"rotation":{"x":0.011031240224838257,"y":-0.07733777910470963,"z":0.0013706341851502658,"w":0.997175395488739},"size":12.12435531616211,"orthographic":false}