{"cameraMode":{"drawMode":0,"name":"Shaded","section":"Shading Mode"},"sceneLighting":false,"audioPlay":false,"sceneViewState":{"m_AlwaysRefresh":false,"showFog":true,"showSkybox":false,"showFlares":true,"showImageEffects":true,"showParticleSystems":true,"showVisualEffectGraphs":true,"m_FxEnabled":true},"in2DMode":false,"pivot":{"x":0.04270000383257866,"y":0.012600000947713852,"z":-0.006550036836415529},"rotation":{"x":-0.012034832499921322,"y":-0.10540605336427689,"z":-0.0012609765399247408,"w":0.9944291114807129},"size":0.08697368949651718,"orthographic":true}