{"cameraMode":{"drawMode":0,"name":"Shaded","section":"Shading Mode"},"sceneLighting":true,"audioPlay":false,"sceneViewState":{"m_AlwaysRefresh":false,"showFog":true,"showSkybox":true,"showFlares":true,"showImageEffects":true,"showParticleSystems":true,"showVisualEffectGraphs":true,"m_FxEnabled":true},"in2DMode":false,"pivot":{"x":-92327513108443560000.0,"y":-164200448016777230.0,"z":-204670535888921430000.0},"rotation":{"x":-0.23136194050312043,"y":-0.521685779094696,"z":-0.14895859360694886,"w":0.8078250885009766},"size":0.988278865814209,"orthographic":true}