{"cameraMode":{"drawMode":0,"name":"Shaded","section":"Shading Mode"},"sceneLighting":true,"audioPlay":false,"sceneViewState":{"m_AlwaysRefresh":false,"showFog":true,"showSkybox":true,"showFlares":true,"showImageEffects":true,"showParticleSystems":true,"showVisualEffectGraphs":true,"m_FxEnabled":true},"in2DMode":false,"pivot":{"x":-0.10336005687713623,"y":-0.18314194679260255,"z":0.2764708995819092},"rotation":{"x":-0.12429121136665344,"y":0.858016312122345,"z":-0.24608519673347474,"w":-0.43336233496665957},"size":1.0597323179244996,"orthographic":false}