{"cameraMode":{"drawMode":0,"name":"Shaded","section":"Shading Mode"},"sceneLighting":true,"audioPlay":false,"sceneViewState":{"m_AlwaysRefresh":false,"showFog":true,"showSkybox":true,"showFlares":true,"showImageEffects":true,"showParticleSystems":true,"showVisualEffectGraphs":true,"m_FxEnabled":true},"in2DMode":false,"pivot":{"x":-0.008233861066401005,"y":-0.049782417714595798,"z":0.05912226438522339},"rotation":{"x":-0.027006270363926889,"y":0.0008964618318714201,"z":-0.000033955522667383775,"w":-0.9996552467346191},"size":0.369042307138443,"orthographic":false}