{"cameraMode":{"drawMode":0,"name":"Shaded","section":"Shading Mode"},"sceneLighting":true,"audioPlay":false,"sceneViewState":{"m_AlwaysRefresh":false,"showFog":true,"showSkybox":true,"showFlares":true,"showImageEffects":true,"showParticleSystems":true,"showVisualEffectGraphs":true,"m_FxEnabled":true},"in2DMode":false,"pivot":{"x":-0.0038893059827387335,"y":0.1457217037677765,"z":0.04354524612426758},"rotation":{"x":0.10629168897867203,"y":-0.0020900412928313019,"z":-0.00023349831462837756,"w":-0.9943532347679138},"size":0.3683503568172455,"orthographic":false}