{"cameraMode":{"drawMode":0,"name":"Shaded","section":"Shading Mode"},"sceneLighting":true,"audioPlay":false,"sceneViewState":{"m_AlwaysRefresh":false,"showFog":true,"showSkybox":true,"showFlares":true,"showImageEffects":true,"showParticleSystems":true,"showVisualEffectGraphs":true,"m_FxEnabled":true},"in2DMode":false,"pivot":{"x":0.15399999916553498,"y":0.20960000157356263,"z":0.554599940776825},"rotation":{"x":-0.05100536718964577,"y":-0.10467332601547241,"z":0.0053739785216748718,"w":-0.9931895732879639},"size":0.024000009521842004,"orthographic":false}