{"cameraMode":{"drawMode":0,"name":"Shaded","section":"Shading Mode"},"sceneLighting":true,"audioPlay":false,"sceneViewState":{"m_AlwaysRefresh":false,"showFog":true,"showSkybox":true,"showFlares":true,"showImageEffects":true,"showParticleSystems":true,"showVisualEffectGraphs":true,"m_FxEnabled":true},"in2DMode":false,"pivot":{"x":0.019321225583553315,"y":-0.025337595492601396,"z":-0.07417191565036774},"rotation":{"x":0.026403848081827165,"y":-0.000887264555785805,"z":0.00020302842312958091,"w":0.9998579621315002},"size":0.06644415110349655,"orthographic":false}