{"cameraMode":{"drawMode":0,"name":"Shaded","section":"Shading Mode"},"sceneLighting":true,"audioPlay":false,"sceneViewState":{"m_AlwaysRefresh":false,"showFog":true,"showSkybox":true,"showFlares":true,"showImageEffects":true,"showParticleSystems":true,"showVisualEffectGraphs":true,"m_FxEnabled":true},"in2DMode":false,"pivot":{"x":0.11348002403974533,"y":0.14523445069789887,"z":0.5405559539794922},"rotation":{"x":0.07042491436004639,"y":0.0158576350659132,"z":0.001112122554332018,"w":-0.997406542301178},"size":0.8151140213012695,"orthographic":false}