{"cameraMode":{"drawMode":0,"name":"Shaded","section":"Shading Mode"},"sceneLighting":true,"audioPlay":false,"sceneViewState":{"m_AlwaysRefresh":false,"showFog":true,"showSkybox":true,"showFlares":true,"showImageEffects":true,"showParticleSystems":true,"showVisualEffectGraphs":true,"m_FxEnabled":true},"in2DMode":false,"pivot":{"x":0.05913031846284866,"y":0.06666754931211472,"z":0.5424246191978455},"rotation":{"x":-0.01947331428527832,"y":0.05096840113401413,"z":0.000994784408248961,"w":0.9985133409500122},"size":0.09617175161838532,"orthographic":false}