{"cameraMode":{"drawMode":0,"name":"Shaded","section":"Shading Mode"},"sceneLighting":true,"audioPlay":false,"sceneViewState":{"m_AlwaysRefresh":false,"showFog":true,"showSkybox":true,"showFlares":true,"showImageEffects":true,"showParticleSystems":true,"showVisualEffectGraphs":true,"m_FxEnabled":true},"in2DMode":false,"pivot":{"x":0.39583998918533327,"y":0.15514999628067017,"z":0.699999988079071},"rotation":{"x":0.002398739568889141,"y":-0.018601685762405397,"z":0.00008769092528382316,"w":0.9998906254768372},"size":0.2420819252729416,"orthographic":true}