{"cameraMode":{"drawMode":0,"name":"Shaded","section":"Shading Mode"},"sceneLighting":true,"audioPlay":false,"sceneViewState":{"m_AlwaysRefresh":false,"showFog":true,"showSkybox":true,"showFlares":true,"showImageEffects":true,"showParticleSystems":true,"showVisualEffectGraphs":true,"m_FxEnabled":true},"in2DMode":false,"pivot":{"x":0.011211484670639038,"y":-0.04146120697259903,"z":0.5731985569000244},"rotation":{"x":0.13289763033390046,"y":-0.05409000441431999,"z":-0.0072691477835178379,"w":-0.9896358847618103},"size":0.11321564763784409,"orthographic":false}