{"cameraMode":{"drawMode":0,"name":"Shaded","section":"Shading Mode"},"sceneLighting":true,"audioPlay":false,"sceneViewState":{"m_AlwaysRefresh":false,"showFog":true,"showSkybox":true,"showFlares":true,"showImageEffects":true,"showParticleSystems":true,"showVisualEffectGraphs":true,"m_FxEnabled":true},"in2DMode":false,"pivot":{"x":0.03795306384563446,"y":0.1145135834813118,"z":0.6998271942138672},"rotation":{"x":0.0073979622684419159,"y":0.027895625680685045,"z":-0.00019027495000045747,"w":0.9996554851531982},"size":0.28432080149650576,"orthographic":true}