{"cameraMode":{"drawMode":0,"name":"Shaded","section":"Shading Mode"},"sceneLighting":true,"audioPlay":false,"sceneViewState":{"m_AlwaysRefresh":false,"showFog":true,"showSkybox":true,"showFlares":true,"showImageEffects":true,"showParticleSystems":true,"showVisualEffectGraphs":true,"m_FxEnabled":true},"in2DMode":false,"pivot":{"x":0.0010000000474974514,"y":-2.8421707736338114e-15,"z":0.7000001072883606},"rotation":{"x":0.0248959232121706,"y":0.01739424839615822,"z":-0.0003893811663147062,"w":0.999606728553772},"size":0.5297953486442566,"orthographic":true}