{"cameraMode":{"drawMode":0,"name":"Shaded","section":"Shading Mode"},"sceneLighting":true,"audioPlay":false,"sceneViewState":{"m_AlwaysRefresh":false,"showFog":true,"showSkybox":true,"showFlares":true,"showImageEffects":true,"showParticleSystems":true,"showVisualEffectGraphs":true,"m_FxEnabled":true},"in2DMode":false,"pivot":{"x":-0.02245408296585083,"y":0.1042553037405014,"z":0.8156651258468628},"rotation":{"x":0.011274201795458794,"y":0.3418499529361725,"z":-0.004109017550945282,"w":0.9397154450416565},"size":0.15967988967895509,"orthographic":false}