{"cameraMode":{"drawMode":0,"name":"Shaded","section":"Shading Mode"},"sceneLighting":true,"audioPlay":false,"sceneViewState":{"m_AlwaysRefresh":false,"showFog":true,"showSkybox":true,"showFlares":true,"showImageEffects":true,"showParticleSystems":true,"showVisualEffectGraphs":true,"m_FxEnabled":true},"in2DMode":false,"pivot":{"x":0.33467501401901247,"y":0.050599999725818637,"z":-0.006550036836415529},"rotation":{"x":-0.02391917072236538,"y":-0.12326111644506455,"z":-0.0029425332322716715,"w":0.9921529293060303},"size":0.5583128929138184,"orthographic":true}