{"cameraMode":{"drawMode":0,"name":"Shaded","section":"Shading Mode"},"sceneLighting":true,"audioPlay":false,"sceneViewState":{"m_AlwaysRefresh":false,"showFog":true,"showSkybox":true,"showFlares":true,"showImageEffects":true,"showParticleSystems":true,"showVisualEffectGraphs":true,"m_FxEnabled":true},"in2DMode":false,"pivot":{"x":0.06982262432575226,"y":0.18819664418697358,"z":0.2835690975189209},"rotation":{"x":0.12328626215457916,"y":0.022678134962916375,"z":-0.0024987831711769106,"w":0.9923070669174194},"size":0.0016843300545588136,"orthographic":false}