{"cameraMode":{"drawMode":0,"name":"Shaded","section":"Shading Mode"},"sceneLighting":true,"audioPlay":false,"sceneViewState":{"m_AlwaysRefresh":false,"showFog":true,"showSkybox":true,"showFlares":true,"showImageEffects":true,"showParticleSystems":true,"showVisualEffectGraphs":true,"m_FxEnabled":true},"in2DMode":false,"pivot":{"x":0.05533389747142792,"y":-0.15983842313289643,"z":0.8084374070167542},"rotation":{"x":0.027269216254353524,"y":0.04436924681067467,"z":-0.0012375068617984653,"w":0.9986720681190491},"size":0.3957885503768921,"orthographic":false}