{"cameraMode":{"drawMode":0,"name":"Shaded","section":"Shading Mode"},"sceneLighting":true,"audioPlay":false,"sceneViewState":{"m_AlwaysRefresh":false,"showFog":true,"showSkybox":true,"showFlares":true,"showImageEffects":true,"showParticleSystems":true,"showVisualEffectGraphs":true,"m_FxEnabled":true},"in2DMode":false,"pivot":{"x":-4.076245307922363,"y":5.903862953186035,"z":-1.0054550170898438},"rotation":{"x":0.002398739568889141,"y":-0.018601685762405397,"z":0.00008769092528382316,"w":0.9998906254768372},"size":12.12435531616211,"orthographic":true}