{"cameraMode":{"drawMode":0,"name":"Shaded","section":"Shading Mode"},"sceneLighting":true,"audioPlay":false,"sceneViewState":{"m_AlwaysRefresh":false,"showFog":true,"showSkybox":true,"showFlares":true,"showImageEffects":true,"showParticleSystems":true,"showVisualEffectGraphs":true,"m_FxEnabled":true},"in2DMode":false,"pivot":{"x":-0.19097676873207093,"y":0.17849624156951905,"z":0.530491828918457},"rotation":{"x":0.0488724522292614,"y":0.014854962937533856,"z":-0.0012353805359452963,"w":0.998805046081543},"size":0.3391052782535553,"orthographic":true}