{"cameraMode":{"drawMode":0,"name":"Shaded","section":"Shading Mode"},"sceneLighting":true,"audioPlay":false,"sceneViewState":{"m_AlwaysRefresh":false,"showFog":true,"showSkybox":true,"showFlares":true,"showImageEffects":true,"showParticleSystems":true,"showVisualEffectGraphs":true,"m_FxEnabled":true},"in2DMode":false,"pivot":{"x":-0.003170594573020935,"y":0.04006519913673401,"z":0.6088077425956726},"rotation":{"x":-0.026699518784880639,"y":-0.741625964641571,"z":-0.029240461066365243,"w":0.6699725985527039},"size":0.09226667881011963,"orthographic":false}