{"cameraMode":{"drawMode":0,"name":"Shaded","section":"Shading Mode"},"sceneLighting":true,"audioPlay":false,"sceneViewState":{"m_AlwaysRefresh":false,"showFog":true,"showSkybox":true,"showFlares":true,"showImageEffects":true,"showParticleSystems":true,"showVisualEffectGraphs":true,"m_FxEnabled":true},"in2DMode":false,"pivot":{"x":0.37324121594429018,"y":0.12084826827049256,"z":0.699999988079071},"rotation":{"x":0.010499292053282261,"y":0.011999133974313736,"z":-0.00012503376638051122,"w":0.9998788237571716},"size":0.1329008787870407,"orthographic":true}