{"cameraMode":{"drawMode":0,"name":"Shaded","section":"Shading Mode"},"sceneLighting":true,"audioPlay":false,"sceneViewState":{"m_AlwaysRefresh":false,"showFog":true,"showSkybox":true,"showFlares":true,"showImageEffects":true,"showParticleSystems":true,"showVisualEffectGraphs":true,"m_FxEnabled":true},"in2DMode":false,"pivot":{"x":0.36751246452331545,"y":0.05690000206232071,"z":0.6784499883651733},"rotation":{"x":0.0488724522292614,"y":0.014854962937533856,"z":-0.0012353805359452963,"w":0.998805046081543},"size":0.5057611465454102,"orthographic":true}