{"cameraMode":{"drawMode":0,"name":"Shaded","section":"Shading Mode"},"sceneLighting":true,"audioPlay":false,"sceneViewState":{"m_AlwaysRefresh":false,"showFog":true,"showSkybox":true,"showFlares":true,"showImageEffects":true,"showParticleSystems":true,"showVisualEffectGraphs":true,"m_FxEnabled":true},"in2DMode":false,"pivot":{"x":0.1610475331544876,"y":-0.06555584073066712,"z":0.666709303855896},"rotation":{"x":0.053898826241493228,"y":0.05239928886294365,"z":-0.0028324106242507698,"w":0.9971616268157959},"size":0.5091926455497742,"orthographic":false}