{"cameraMode":{"drawMode":0,"name":"Shaded","section":"Shading Mode"},"sceneLighting":true,"audioPlay":false,"sceneViewState":{"m_AlwaysRefresh":false,"showFog":true,"showSkybox":true,"showFlares":true,"showImageEffects":true,"showParticleSystems":true,"showVisualEffectGraphs":true,"m_FxEnabled":true},"in2DMode":false,"pivot":{"x":0.14545002579689027,"y":0.06275000423192978,"z":-0.005000000353902578},"rotation":{"x":-0.012034832499921322,"y":-0.10540605336427689,"z":-0.0012609765399247408,"w":0.9944291114807129},"size":0.38809797167778017,"orthographic":true}