{"cameraMode":{"drawMode":0,"name":"Shaded","section":"Shading Mode"},"sceneLighting":true,"audioPlay":false,"sceneViewState":{"m_AlwaysRefresh":false,"showFog":true,"showSkybox":true,"showFlares":true,"showImageEffects":true,"showParticleSystems":true,"showVisualEffectGraphs":true,"m_FxEnabled":true},"in2DMode":false,"pivot":{"x":0.33467501401901247,"y":0.050599999725818637,"z":0.6784499883651733},"rotation":{"x":0.0073979622684419159,"y":0.027895625680685045,"z":-0.00019027495000045747,"w":0.9996554851531982},"size":0.2090463638305664,"orthographic":true}