{"cameraMode":{"drawMode":0,"name":"Shaded","section":"Shading Mode"},"sceneLighting":true,"audioPlay":false,"sceneViewState":{"m_AlwaysRefresh":false,"showFog":true,"showSkybox":true,"showFlares":true,"showImageEffects":true,"showParticleSystems":true,"showVisualEffectGraphs":true,"m_FxEnabled":true},"in2DMode":false,"pivot":{"x":-0.3742794394493103,"y":0.1665400117635727,"z":0.7198993563652039},"rotation":{"x":0.019494768232107164,"y":0.020994609221816064,"z":-0.0004084959509782493,"w":0.9995953440666199},"size":0.2934160828590393,"orthographic":true}