{"cameraMode":{"drawMode":0,"name":"Shaded","section":"Shading Mode"},"sceneLighting":true,"audioPlay":false,"sceneViewState":{"m_AlwaysRefresh":false,"showFog":true,"showSkybox":true,"showFlares":true,"showImageEffects":true,"showParticleSystems":true,"showVisualEffectGraphs":true,"m_FxEnabled":true},"in2DMode":false,"pivot":{"x":-0.00808576587587595,"y":0.037486348301172259,"z":-0.5324941873550415},"rotation":{"x":0.007973392494022847,"y":-0.1692790538072586,"z":-0.0013719171984121204,"w":-0.9855409860610962},"size":0.04525483772158623,"orthographic":false}