{"cameraMode":{"drawMode":0,"name":"Shaded","section":"Shading Mode"},"sceneLighting":true,"audioPlay":false,"sceneViewState":{"m_AlwaysRefresh":false,"showFog":true,"showSkybox":true,"showFlares":true,"showImageEffects":true,"showParticleSystems":true,"showVisualEffectGraphs":true,"m_FxEnabled":true},"in2DMode":false,"pivot":{"x":-0.03809419274330139,"y":-0.00009238129132427275,"z":-0.02773508056998253},"rotation":{"x":0.1303417980670929,"y":-0.07513455301523209,"z":0.010421499609947205,"w":0.9887970685958862},"size":0.007914004847407341,"orthographic":false}