{"cameraMode":{"drawMode":0,"name":"Shaded","section":"Shading Mode"},"sceneLighting":true,"audioPlay":false,"sceneViewState":{"m_AlwaysRefresh":false,"showFog":true,"showSkybox":true,"showFlares":true,"showImageEffects":true,"showParticleSystems":true,"showVisualEffectGraphs":true,"m_FxEnabled":true},"in2DMode":false,"pivot":{"x":-0.04013289511203766,"y":0.010461512953042984,"z":-0.13661354780197144},"rotation":{"x":0.058840636163949969,"y":-0.08046677708625794,"z":0.005362223833799362,"w":0.9952444434165955},"size":0.04118349403142929,"orthographic":false}