{"cameraMode":{"drawMode":0,"name":"Shaded","section":"Shading Mode"},"sceneLighting":true,"audioPlay":false,"sceneViewState":{"m_AlwaysRefresh":false,"showFog":true,"showSkybox":true,"showFlares":true,"showImageEffects":true,"showParticleSystems":true,"showVisualEffectGraphs":true,"m_FxEnabled":true},"in2DMode":false,"pivot":{"x":0.010336202569305897,"y":-0.3114262819290161,"z":0.5503683686256409},"rotation":{"x":-0.0679880902171135,"y":-0.04247444495558739,"z":-0.0029057995416224005,"w":0.9967961311340332},"size":0.4257577955722809,"orthographic":true}