{"cameraMode":{"drawMode":0,"name":"Shaded","section":"Shading Mode"},"sceneLighting":true,"audioPlay":false,"sceneViewState":{"m_AlwaysRefresh":false,"showFog":true,"showSkybox":true,"showFlares":true,"showImageEffects":true,"showParticleSystems":true,"showVisualEffectGraphs":true,"m_FxEnabled":true},"in2DMode":false,"pivot":{"x":0.022798117250204088,"y":0.07304008305072785,"z":0.6994584202766419},"rotation":{"x":-0.2560792863368988,"y":-0.04676405340433121,"z":-0.012077211402356625,"w":0.9656832218170166},"size":0.27383124828338625,"orthographic":false}