{"cameraMode":{"drawMode":0,"name":"Shaded","section":"Shading Mode"},"sceneLighting":true,"audioPlay":false,"sceneViewState":{"m_AlwaysRefresh":false,"showFog":true,"showSkybox":true,"showFlares":true,"showImageEffects":true,"showParticleSystems":true,"showVisualEffectGraphs":true,"m_FxEnabled":true},"in2DMode":false,"pivot":{"x":0.024291066452860833,"y":0.043981119990348819,"z":0.7487272024154663},"rotation":{"x":-0.05247579514980316,"y":-0.002995935967192054,"z":-0.00015645859821233898,"w":0.9986244440078735},"size":0.21649973094463349,"orthographic":false}