{"cameraMode":{"drawMode":0,"name":"Shaded","section":"Shading Mode"},"sceneLighting":true,"audioPlay":false,"sceneViewState":{"m_AlwaysRefresh":false,"showFog":true,"showSkybox":true,"showFlares":true,"showImageEffects":true,"showParticleSystems":true,"showVisualEffectGraphs":true,"m_FxEnabled":true},"in2DMode":false,"pivot":{"x":-0.0017028022557497025,"y":0.01114172488451004,"z":0.7116626501083374},"rotation":{"x":0.5446587800979614,"y":-0.22145326435565949,"z":-0.794575572013855,"w":-0.1517808437347412},"size":0.1656121462583542,"orthographic":true}