{"cameraMode":{"drawMode":0,"name":"Shaded","section":"Shading Mode"},"sceneLighting":true,"audioPlay":false,"sceneViewState":{"m_AlwaysRefresh":false,"showFog":true,"showSkybox":true,"showFlares":true,"showImageEffects":true,"showParticleSystems":true,"showVisualEffectGraphs":true,"m_FxEnabled":true},"in2DMode":false,"pivot":{"x":0.010097198188304901,"y":0.09046269208192826,"z":0.019225655123591424},"rotation":{"x":-0.05248650163412094,"y":0.00389106129296124,"z":-0.00019349194189999253,"w":-0.9986512064933777},"size":0.22627657651901246,"orthographic":true}